logged_at,date,venue,race_no,combo,rank_prob,prob,prob_pct,odds,expected_return_yen,is_selected,model_name
2026-03-29T17:43:04,20260329,е…ђеі¶,1,1-3-4,1,0.12590478,12.5905,26.3,331.1296,1,binary_catboost_venue
2026-03-29T17:43:04,20260329,е…ђеі¶,1,1-2-4,2,0.09309762,9.3098,45.1,419.8703,1,binary_catboost_venue
2026-03-29T17:43:04,20260329,е…ђеі¶,1,1-3-5,3,0.07238789,7.2388,5.5,39.8133,0,binary_catboost_venue
2026-03-29T17:43:04,20260329,е…ђеі¶,1,1-4-3,4,0.06374684,6.3747,96.8,617.0694,1,binary_catboost_venue
2026-03-29T17:43:04,20260329,е…ђеі¶,1,3-1-5,5,0.06014633,6.0146,22.1,132.9234,0,binary_catboost_venue
2026-03-29T17:43:04,20260329,е…ђеі¶,1,1-5-3,6,0.05646051,5.6461,18.2,102.7581,0,binary_catboost_venue
2026-03-29T17:43:04,20260329,е…ђеі¶,1,1-4-2,7,0.05238282,5.2383,115.8,606.5931,0,binary_catboost_venue
2026-03-29T17:43:04,20260329,е…ђеі¶,1,1-3-2,8,0.03994383,3.9944,3.0,11.9831,0,binary_catboost_venue
2026-03-29T17:43:04,20260329,е…ђеі¶,1,1-4-5,9,0.03524651,3.5247,161.5,569.2311,0,binary_catboost_venue
2026-03-29T17:43:04,20260329,е…ђеі¶,1,1-2-3,10,0.02794303,2.7943,4.9,13.6921,0,binary_catboost_venue
2026-03-29T17:43:04,20260329,е…ђеі¶,1,3-5-1,11,0.02442281,2.4423,67.2,164.1213,0,binary_catboost_venue
2026-03-29T17:43:04,20260329,е…ђеі¶,1,1-2-5,12,0.02424436,2.4244,13.7,33.2148,0,binary_catboost_venue
2026-03-29T17:43:04,20260329,е…ђеі¶,1,3-1-4,13,0.02363026,2.363,98.2,232.0492,0,binary_catboost_venue
2026-03-29T17:43:04,20260329,е…ђеі¶,1,1-5-2,14,0.0218115,2.1811,27.8,60.636,0,binary_catboost_venue
2026-03-29T17:43:04,20260329,е…ђеі¶,1,2-1-4,15,0.0194151,1.9415,396.6,770.0029,0,binary_catboost_venue
2026-03-29T17:43:04,20260329,е…ђеі¶,1,3-4-1,16,0.01088421,1.0884,300.1,326.6352,0,binary_catboost_venue
2026-03-29T17:43:04,20260329,е…ђеі¶,1,5-3-1,17,0.01029206,1.0292,188.6,194.1082,0,binary_catboost_venue
2026-03-29T17:43:04,20260329,е…ђеі¶,1,1-3-6,18,0.00969609,0.9696,72.6,70.3936,0,binary_catboost_venue
2026-03-29T17:43:04,20260329,е…ђеі¶,1,4-5-3,19,0.00854828,0.8548,1742.0,1489.1106,0,binary_catboost_venue
2026-03-29T17:43:04,20260329,е…ђеі¶,1,4-3-1,20,0.00824432,0.8244,815.1,671.9949,0,binary_catboost_venue
2026-03-29T17:43:04,20260329,е…ђеі¶,1,2-3-4,21,0.00811416,0.8114,538.5,436.9473,0,binary_catboost_venue
2026-03-29T17:43:04,20260329,е…ђеі¶,1,4-5-2,22,0.00794575,0.7946,1777.0,1411.9606,0,binary_catboost_venue
2026-03-29T17:43:04,20260329,е…ђеі¶,1,3-2-1,23,0.00784924,0.7849,43.1,33.8302,0,binary_catboost_venue
2026-03-29T17:43:04,20260329,е…ђеі¶,1,3-5-4,24,0.00759154,0.7592,368.6,279.8242,0,binary_catboost_venue
2026-03-29T17:43:04,20260329,е…ђеі¶,1,3-4-5,25,0.00745426,0.7454,480.2,357.9537,0,binary_catboost_venue
2026-03-29T17:43:04,20260329,е…ђеі¶,1,1-5-4,26,0.00716548,0.7165,145.6,104.3293,0,binary_catboost_venue
2026-03-29T17:43:04,20260329,е…ђеі¶,1,3-5-2,27,0.00670745,0.6707,121.8,81.6968,0,binary_catboost_venue
2026-03-29T17:43:04,20260329,е…ђеі¶,1,4-5-1,28,0.00619994,0.62,765.9,474.8536,0,binary_catboost_venue
2026-03-29T17:43:04,20260329,е…ђеі¶,1,3-2-4,29,0.00591734,0.5917,318.4,188.408,0,binary_catboost_venue
2026-03-29T17:43:04,20260329,е…ђеі¶,1,2-3-1,30,0.00583478,0.5835,58.5,34.1335,0,binary_catboost_venue
2026-03-29T17:43:04,20260329,е…ђеі¶,1,3-2-5,31,0.00528416,0.5284,99.7,52.6831,0,binary_catboost_venue
2026-03-29T17:43:04,20260329,е…ђеі¶,1,2-5-1,32,0.0052396,0.524,296.1,155.1446,0,binary_catboost_venue
2026-03-29T17:43:04,20260329,е…ђеі¶,1,2-4-5,33,0.00491235,0.4912,1410.0,692.6407,0,binary_catboost_venue
2026-03-29T17:43:04,20260329,е…ђеі¶,1,4-3-5,34,0.00484935,0.4849,1269.0,615.3821,0,binary_catboost_venue
2026-03-29T17:43:04,20260329,е…ђеі¶,1,4-1-2,35,0.00478208,0.4782,862.6,412.5026,0,binary_catboost_venue
2026-03-29T17:43:04,20260329,е…ђеі¶,1,1-4-6,36,0.00451029,0.451,465.2,209.8185,0,binary_catboost_venue
2026-03-29T17:43:04,20260329,е…ђеі¶,1,2-1-5,37,0.0044311,0.4431,119.7,53.0403,0,binary_catboost_venue
2026-03-29T17:43:04,20260329,е…ђеі¶,1,4-1-3,38,0.00434202,0.4342,576.9,250.4912,0,binary_catboost_venue
2026-03-29T17:43:04,20260329,е…ђеі¶,1,2-4-1,39,0.00428216,0.4282,1269.0,543.4055,0,binary_catboost_venue
2026-03-29T17:43:04,20260329,е…ђеі¶,1,4-2-3,40,0.00409693,0.4097,1326.0,543.2532,0,binary_catboost_venue
2026-03-29T17:43:04,20260329,е…ђеі¶,1,3-6-1,41,0.00384804,0.3848,945.2,363.7164,0,binary_catboost_venue
2026-03-29T17:43:04,20260329,е…ђеі¶,1,1-6-3,42,0.00384621,0.3846,421.1,161.9638,0,binary_catboost_venue
2026-03-29T17:43:04,20260329,е…ђеі¶,1,3-1-2,43,0.0038431,0.3843,18.8,7.225,0,binary_catboost_venue
2026-03-29T17:43:04,20260329,е…ђеі¶,1,4-1-5,44,0.00369163,0.3692,501.9,185.2829,0,binary_catboost_venue
2026-03-29T17:43:04,20260329,е…ђеі¶,1,1-2-6,45,0.00365202,0.3652,135.2,49.3753,0,binary_catboost_venue
2026-03-29T17:43:04,20260329,е…ђеі¶,1,2-5-3,46,0.00356295,0.3563,344.3,122.6723,0,binary_catboost_venue
2026-03-29T17:43:04,20260329,е…ђеі¶,1,4-2-5,47,0.00351063,0.3511,1558.0,546.9557,0,binary_catboost_venue
2026-03-29T17:43:04,20260329,е…ђеі¶,1,1-6-5,48,0.00349691,0.3497,165.4,57.8389,0,binary_catboost_venue
2026-03-29T17:43:04,20260329,е…ђеі¶,1,2-5-4,49,0.0034076,0.3408,1813.0,617.797,0,binary_catboost_venue
2026-03-29T17:43:04,20260329,е…ђеі¶,1,1-5-6,50,0.00338124,0.3381,103.6,35.0296,0,binary_catboost_venue
2026-03-29T17:43:04,20260329,е…ђеі¶,1,2-4-3,51,0.00335707,0.3357,1269.0,426.0121,0,binary_catboost_venue
2026-03-29T17:43:04,20260329,е…ђеі¶,1,3-1-6,52,0.00294828,0.2948,199.6,58.8477,0,binary_catboost_venue
2026-03-29T17:43:04,20260329,е…ђеі¶,1,4-3-2,53,0.00276175,0.2762,1234.0,340.8005,0,binary_catboost_venue
2026-03-29T17:43:04,20260329,е…ђеі¶,1,2-1-3,54,0.00255794,0.2558,43.2,11.0503,0,binary_catboost_venue
2026-03-29T17:43:04,20260329,е…ђеі¶,1,1-6-2,55,0.00237004,0.237,538.5,127.6265,0,binary_catboost_venue
2026-03-29T17:43:04,20260329,е…ђеі¶,1,1-6-4,56,0.00236362,0.2364,705.1,166.6588,0,binary_catboost_venue
2026-03-29T17:43:04,20260329,е…ђеі¶,1,5-1-3,57,0.0022156,0.2216,122.8,27.2076,0,binary_catboost_venue
2026-03-29T17:43:04,20260329,е…ђеі¶,1,6-5-1,58,0.00218165,0.2182,4038.0,880.95,0,binary_catboost_venue
2026-03-29T17:43:04,20260329,е…ђеі¶,1,4-2-1,59,0.00210287,0.2103,1366.0,287.252,0,binary_catboost_venue
2026-03-29T17:43:04,20260329,е…ђеі¶,1,5-2-1,60,0.00183613,0.1836,358.2,65.7701,0,binary_catboost_venue
2026-03-29T17:43:04,20260329,е…ђеі¶,1,2-3-5,61,0.00181473,0.1815,208.0,37.7464,0,binary_catboost_venue
2026-03-29T17:43:04,20260329,е…ђеі¶,1,5-4-1,62,0.00167082,0.1671,1033.0,172.5956,0,binary_catboost_venue
2026-03-29T17:43:04,20260329,е…ђеі¶,1,3-4-2,63,0.00162571,0.1626,596.3,96.9412,0,binary_catboost_venue
2026-03-29T17:43:04,20260329,е…ђеі¶,1,5-3-2,64,0.00161647,0.1616,348.4,56.3179,0,binary_catboost_venue
2026-03-29T17:43:04,20260329,е…ђеі¶,1,5-3-4,65,0.00141192,0.1412,1184.0,167.1712,0,binary_catboost_venue
2026-03-29T17:43:04,20260329,е…ђеі¶,1,5-4-3,66,0.00138126,0.1381,1777.0,245.4499,0,binary_catboost_venue
2026-03-29T17:43:04,20260329,е…ђеі¶,1,3-5-6,67,0.00122999,0.123,307.4,37.8098,0,binary_catboost_venue
2026-03-29T17:43:04,20260329,е…ђеі¶,1,4-1-6,68,0.00114084,0.1141,1456.0,166.1068,0,binary_catboost_venue
2026-03-29T17:43:04,20260329,е…ђеі¶,1,5-2-3,69,0.00108101,0.1081,327.8,35.4355,0,binary_catboost_venue
2026-03-29T17:43:04,20260329,е…ђеі¶,1,3-6-5,70,0.00096751,0.0968,548.4,53.0584,0,binary_catboost_venue
2026-03-29T17:43:04,20260329,е…ђеі¶,1,4-5-6,71,0.00092423,0.0924,1851.0,171.0743,0,binary_catboost_venue
2026-03-29T17:43:04,20260329,е…ђеі¶,1,2-6-1,72,0.00090276,0.0903,2167.0,195.6274,0,binary_catboost_venue
2026-03-29T17:43:04,20260329,е…ђеі¶,1,6-3-1,73,0.00083427,0.0834,4442.0,370.5827,0,binary_catboost_venue
2026-03-29T17:43:04,20260329,е…ђеі¶,1,6-4-1,74,0.00080313,0.0803,5923.0,475.6942,0,binary_catboost_venue
2026-03-29T17:43:04,20260329,е…ђеі¶,1,6-1-4,75,0.00077562,0.0776,4038.0,313.197,0,binary_catboost_venue
2026-03-29T17:43:04,20260329,е…ђеі¶,1,5-1-2,76,0.00076462,0.0765,173.2,13.2432,0,binary_catboost_venue
2026-03-29T17:43:04,20260329,е…ђеі¶,1,5-1-4,77,0.00075338,0.0753,538.5,40.5697,0,binary_catboost_venue
2026-03-29T17:43:04,20260329,е…ђеі¶,1,4-6-2,78,0.00073596,0.0736,3290.0,242.1298,0,binary_catboost_venue
2026-03-29T17:43:04,20260329,е…ђеі¶,1,2-6-4,79,0.00070108,0.0701,3063.0,214.7416,0,binary_catboost_venue
2026-03-29T17:43:04,20260329,е…ђеі¶,1,4-2-6,80,0.00069011,0.069,2278.0,157.2065,0,binary_catboost_venue
2026-03-29T17:43:04,20260329,е…ђеі¶,1,4-3-6,81,0.00066816,0.0668,2866.0,191.4943,0,binary_catboost_venue
2026-03-29T17:43:04,20260329,е…ђеі¶,1,3-4-6,82,0.00063379,0.0634,1096.0,69.4636,0,binary_catboost_venue
2026-03-29T17:43:04,20260329,е…ђеі¶,1,4-6-5,83,0.00055023,0.055,3702.0,203.6957,0,binary_catboost_venue
2026-03-29T17:43:04,20260329,е…ђеі¶,1,5-3-6,84,0.00054047,0.054,1410.0,76.206,0,binary_catboost_venue
2026-03-29T17:43:04,20260329,е…ђеі¶,1,6-1-3,85,0.00052889,0.0529,3417.0,180.7201,0,binary_catboost_venue
2026-03-29T17:43:04,20260329,е…ђеі¶,1,3-6-4,86,0.00049977,0.05,2066.0,103.2532,0,binary_catboost_venue
2026-03-29T17:43:04,20260329,е…ђеі¶,1,5-4-2,87,0.00042911,0.0429,2468.0,105.9036,0,binary_catboost_venue
2026-03-29T17:43:04,20260329,е…ђеі¶,1,2-1-6,88,0.00042868,0.0429,699.6,29.9904,0,binary_catboost_venue
2026-03-29T17:43:04,20260329,е…ђеі¶,1,5-6-1,89,0.00040364,0.0404,1708.0,68.9417,0,binary_catboost_venue
2026-03-29T17:43:04,20260329,е…ђеі¶,1,2-4-6,90,0.00039494,0.0395,3063.0,120.9708,0,binary_catboost_venue
2026-03-29T17:43:04,20260329,е…ђеі¶,1,3-6-2,91,0.00039279,0.0393,1531.0,60.136,0,binary_catboost_venue
2026-03-29T17:43:04,20260329,е…ђеі¶,1,2-5-6,92,0.00037837,0.0378,2019.0,76.3919,0,binary_catboost_venue
2026-03-29T17:43:04,20260329,е…ђеі¶,1,6-5-4,93,0.00035671,0.0357,4442.0,158.4489,0,binary_catboost_venue
2026-03-29T17:43:04,20260329,е…ђеі¶,1,5-6-3,94,0.00034405,0.0344,2692.0,92.6178,0,binary_catboost_venue
2026-03-29T17:43:04,20260329,е…ђеі¶,1,4-6-3,95,0.00034378,0.0344,4038.0,138.818,0,binary_catboost_venue
2026-03-29T17:43:04,20260329,е…ђеі¶,1,6-2-1,96,0.00032572,0.0326,3417.0,111.2972,0,binary_catboost_venue
2026-03-29T17:43:04,20260329,е…ђеі¶,1,6-3-5,97,0.0003234,0.0323,4231.0,136.8306,0,binary_catboost_venue
2026-03-29T17:43:04,20260329,е…ђеі¶,1,4-6-1,98,0.00030835,0.0308,2278.0,70.2421,0,binary_catboost_venue
2026-03-29T17:43:04,20260329,е…ђеі¶,1,6-3-4,99,0.0002601,0.026,4442.0,115.5345,0,binary_catboost_venue
2026-03-29T17:43:04,20260329,е…ђеі¶,1,6-3-2,100,0.00025592,0.0256,2221.0,56.8398,0,binary_catboost_venue
2026-03-29T17:43:04,20260329,е…ђеі¶,1,6-1-2,101,0.00024991,0.025,1974.0,49.3321,0,binary_catboost_venue
2026-03-29T17:43:04,20260329,е…ђеі¶,1,5-4-6,102,0.00022624,0.0226,2961.0,66.9902,0,binary_catboost_venue
2026-03-29T17:43:04,20260329,е…ђеі¶,1,6-1-5,103,0.00022207,0.0222,2961.0,65.7552,0,binary_catboost_venue
2026-03-29T17:43:04,20260329,е…ђеі¶,1,3-2-6,104,0.00022185,0.0222,472.6,10.4845,0,binary_catboost_venue
2026-03-29T17:43:04,20260329,е…ђеі¶,1,5-2-4,105,0.00019939,0.0199,2066.0,41.1945,0,binary_catboost_venue
2026-03-29T17:43:04,20260329,е…ђеі¶,1,6-5-3,106,0.0001823,0.0182,5923.0,107.9743,0,binary_catboost_venue
2026-03-29T17:43:04,20260329,е…ђеі¶,1,6-2-4,107,0.00018103,0.0181,5226.0,94.6079,0,binary_catboost_venue
2026-03-29T17:43:04,20260329,е…ђеі¶,1,2-3-6,108,0.00017193,0.0172,1096.0,18.844,0,binary_catboost_venue
2026-03-29T17:43:04,20260329,е…ђеі¶,1,6-4-5,109,0.00016665,0.0167,4442.0,74.0249,0,binary_catboost_venue
2026-03-29T17:43:04,20260329,е…ђеі¶,1,6-5-2,110,0.00016161,0.0162,5226.0,84.457,0,binary_catboost_venue
2026-03-29T17:43:04,20260329,е…ђеі¶,1,2-6-3,111,0.00012321,0.0123,2776.0,34.2027,0,binary_catboost_venue
2026-03-29T17:43:04,20260329,е…ђеі¶,1,2-6-5,112,0.00011963,0.012,3554.0,42.5178,0,binary_catboost_venue
2026-03-29T17:43:04,20260329,е…ђеі¶,1,6-4-2,113,0.00011632,0.0116,4936.0,57.4152,0,binary_catboost_venue
2026-03-29T17:43:04,20260329,е…ђеі¶,1,6-2-5,114,0.00010871,0.0109,5553.0,60.3642,0,binary_catboost_venue
2026-03-29T17:43:04,20260329,е…ђеі¶,1,5-6-4,115,9.278e-05,0.0093,2866.0,26.5898,0,binary_catboost_venue
2026-03-29T17:43:04,20260329,е…ђеі¶,1,5-1-6,116,9.103e-05,0.0091,362.6,3.3009,0,binary_catboost_venue
2026-03-29T17:43:04,20260329,е…ђеі¶,1,5-2-6,117,8.677e-05,0.0087,1505.0,13.0589,0,binary_catboost_venue
2026-03-29T17:43:04,20260329,е…ђеі¶,1,6-4-3,118,8.221e-05,0.0082,5226.0,42.962,0,binary_catboost_venue
2026-03-29T17:43:04,20260329,е…ђеі¶,1,6-2-3,119,7.054e-05,0.0071,2019.0,14.2424,0,binary_catboost_venue
2026-03-29T17:43:04,20260329,е…ђеі¶,1,5-6-2,120,3.917e-05,0.0039,1974.0,7.7315,0,binary_catboost_venue
2026-03-29T17:45:36,20260329,е…ђеі¶,2,1-4-2,1,0.06588837,6.5888,42.6,280.6845,1,binary_catboost_venue
2026-03-29T17:45:36,20260329,е…ђеі¶,2,1-2-3,2,0.04976584,4.9766,46.3,230.4158,1,binary_catboost_venue
2026-03-29T17:45:36,20260329,е…ђеі¶,2,1-3-2,3,0.04766694,4.7667,54.1,257.8782,1,binary_catboost_venue
2026-03-29T17:45:36,20260329,е…ђеі¶,2,1-4-3,4,0.04707144,4.7071,51.6,242.8886,1,binary_catboost_venue
2026-03-29T17:45:36,20260329,е…ђеі¶,2,1-3-4,5,0.0452298,4.523,41.5,187.7037,1,binary_catboost_venue
2026-03-29T17:45:36,20260329,е…ђеі¶,2,4-1-3,6,0.03957858,3.9579,75.2,297.6309,1,binary_catboost_venue
2026-03-29T17:45:36,20260329,е…ђеі¶,2,1-4-5,7,0.03552315,3.5523,87.5,310.8275,1,binary_catboost_venue
2026-03-29T17:45:36,20260329,е…ђеі¶,2,1-4-6,8,0.03152618,3.1526,20.4,64.3134,0,binary_catboost_venue
2026-03-29T17:45:36,20260329,е…ђеі¶,2,4-1-2,9,0.03150418,3.1504,58.7,184.9295,1,binary_catboost_venue
2026-03-29T17:45:36,20260329,е…ђеі¶,2,1-3-5,10,0.03107556,3.1076,115.6,359.2335,1,binary_catboost_venue
2026-03-29T17:45:36,20260329,е…ђеі¶,2,3-1-4,11,0.02676275,2.6763,102.9,275.3887,0,binary_catboost_venue
2026-03-29T17:45:36,20260329,е…ђеі¶,2,1-5-4,12,0.01998171,1.9982,218.4,436.4006,0,binary_catboost_venue
2026-03-29T17:45:36,20260329,е…ђеі¶,2,1-3-6,13,0.01948614,1.9486,25.0,48.7154,0,binary_catboost_venue
2026-03-29T17:45:36,20260329,е…ђеі¶,2,3-4-1,14,0.01771487,1.7715,133.7,236.8478,0,binary_catboost_venue
2026-03-29T17:45:36,20260329,е…ђеі¶,2,1-6-2,15,0.01604484,1.6045,19.3,30.9665,0,binary_catboost_venue
2026-03-29T17:45:36,20260329,е…ђеі¶,2,3-1-2,16,0.01580347,1.5803,197.7,312.4346,0,binary_catboost_venue
2026-03-29T17:45:36,20260329,е…ђеі¶,2,4-1-5,17,0.01561909,1.5619,71.1,111.0518,0,binary_catboost_venue
2026-03-29T17:45:36,20260329,е…ђеі¶,2,4-2-1,18,0.01472335,1.4723,91.4,134.5715,0,binary_catboost_venue
2026-03-29T17:45:36,20260329,е…ђеі¶,2,2-1-3,19,0.01426298,1.4263,205.8,293.5321,0,binary_catboost_venue
2026-03-29T17:45:36,20260329,е…ђеі¶,2,1-5-3,20,0.01382917,1.3829,271.5,375.462,0,binary_catboost_venue
2026-03-29T17:45:36,20260329,е…ђеі¶,2,1-2-4,21,0.01376782,1.3768,32.5,44.7454,0,binary_catboost_venue
2026-03-29T17:45:36,20260329,е…ђеі¶,2,1-6-5,22,0.01298277,1.2983,67.3,87.3741,0,binary_catboost_venue
2026-03-29T17:45:36,20260329,е…ђеі¶,2,4-2-5,23,0.01237574,1.2376,146.0,180.6857,0,binary_catboost_venue
2026-03-29T17:45:36,20260329,е…ђеі¶,2,2-4-1,24,0.01230754,1.2308,181.6,223.5049,0,binary_catboost_venue
2026-03-29T17:45:36,20260329,е…ђеі¶,2,1-2-6,25,0.01200385,1.2004,21.9,26.2884,0,binary_catboost_venue
2026-03-29T17:45:36,20260329,е…ђеі¶,2,4-3-1,26,0.01149282,1.1493,104.2,119.7552,0,binary_catboost_venue
2026-03-29T17:45:36,20260329,е…ђеі¶,2,1-5-6,27,0.01138965,1.139,140.3,159.7968,0,binary_catboost_venue
2026-03-29T17:45:36,20260329,е…ђеі¶,2,1-2-5,28,0.01134451,1.1345,152.4,172.8903,0,binary_catboost_venue
2026-03-29T17:45:36,20260329,е…ђеі¶,2,2-4-3,29,0.01057944,1.0579,398.7,421.8022,0,binary_catboost_venue
2026-03-29T17:45:36,20260329,е…ђеі¶,2,4-2-3,30,0.0105787,1.0579,185.3,196.0233,0,binary_catboost_venue
2026-03-29T17:45:36,20260329,е…ђеі¶,2,5-4-1,31,0.0102186,1.0219,255.0,260.5743,0,binary_catboost_venue
2026-03-29T17:45:36,20260329,е…ђеі¶,2,2-3-4,32,0.00984659,0.9847,410.0,403.71,0,binary_catboost_venue
2026-03-29T17:45:36,20260329,е…ђеі¶,2,4-5-1,33,0.00947834,0.9478,69.6,65.9692,0,binary_catboost_venue
2026-03-29T17:45:36,20260329,е…ђеі¶,2,4-3-2,34,0.00940778,0.9408,198.1,186.3682,0,binary_catboost_venue
2026-03-29T17:45:36,20260329,е…ђеі¶,2,3-2-4,35,0.0092263,0.9226,342.9,316.37,0,binary_catboost_venue
2026-03-29T17:45:36,20260329,е…ђеі¶,2,1-6-4,36,0.00916032,0.916,14.9,13.6489,0,binary_catboost_venue
2026-03-29T17:45:36,20260329,е…ђеі¶,2,1-5-2,37,0.0088996,0.89,255.0,226.9398,0,binary_catboost_venue
2026-03-29T17:45:36,20260329,е…ђеі¶,2,3-2-1,38,0.00886677,0.8867,273.7,242.6835,0,binary_catboost_venue
2026-03-29T17:45:36,20260329,е…ђеі¶,2,5-1-4,39,0.00872337,0.8723,591.0,515.5509,0,binary_catboost_venue
2026-03-29T17:45:36,20260329,е…ђеі¶,2,5-2-1,40,0.00867572,0.8676,1025.0,889.2617,0,binary_catboost_venue
2026-03-29T17:45:36,20260329,е…ђеі¶,2,5-1-2,41,0.00843507,0.8435,837.2,706.1838,0,binary_catboost_venue
2026-03-29T17:45:36,20260329,е…ђеі¶,2,1-6-3,42,0.00782838,0.7828,32.3,25.2857,0,binary_catboost_venue
2026-03-29T17:45:36,20260329,е…ђеі¶,2,3-1-5,43,0.00719661,0.7197,313.9,225.9015,0,binary_catboost_venue
2026-03-29T17:45:36,20260329,е…ђеі¶,2,2-1-5,44,0.00709049,0.709,438.7,311.0599,0,binary_catboost_venue
2026-03-29T17:45:36,20260329,е…ђеі¶,2,4-1-6,45,0.00708087,0.7081,32.3,22.8712,0,binary_catboost_venue
2026-03-29T17:45:36,20260329,е…ђеі¶,2,4-3-5,46,0.00702127,0.7021,158.7,111.4275,0,binary_catboost_venue
2026-03-29T17:45:36,20260329,е…ђеі¶,2,2-1-4,47,0.00693781,0.6938,140.5,97.4762,0,binary_catboost_venue
2026-03-29T17:45:36,20260329,е…ђеі¶,2,4-2-6,48,0.00621407,0.6214,63.4,39.3972,0,binary_catboost_venue
2026-03-29T17:45:36,20260329,е…ђеі¶,2,6-1-4,49,0.00613706,0.6137,24.4,14.9744,0,binary_catboost_venue
2026-03-29T17:45:36,20260329,е…ђеі¶,2,3-5-1,50,0.0058967,0.5897,469.5,276.8499,0,binary_catboost_venue
2026-03-29T17:45:36,20260329,е…ђеі¶,2,2-3-1,51,0.00552338,0.5523,307.2,169.6782,0,binary_catboost_venue
2026-03-29T17:45:36,20260329,е…ђеі¶,2,2-4-6,52,0.00504151,0.5042,117.3,59.1369,0,binary_catboost_venue
2026-03-29T17:45:36,20260329,е…ђеі¶,2,4-3-6,53,0.00498651,0.4987,62.2,31.0161,0,binary_catboost_venue
2026-03-29T17:45:36,20260329,е…ђеі¶,2,6-1-2,54,0.00494344,0.4943,34.6,17.1043,0,binary_catboost_venue
2026-03-29T17:45:36,20260329,е…ђеі¶,2,3-4-2,55,0.00466195,0.4662,308.2,143.6813,0,binary_catboost_venue
2026-03-29T17:45:36,20260329,е…ђеі¶,2,5-4-2,56,0.00404855,0.4049,373.5,151.2132,0,binary_catboost_venue
2026-03-29T17:45:36,20260329,е…ђеі¶,2,6-4-1,57,0.00392267,0.3923,25.3,9.9244,0,binary_catboost_venue
2026-03-29T17:45:36,20260329,е…ђеі¶,2,2-3-6,58,0.00381662,0.3817,275.2,105.0333,0,binary_catboost_venue
2026-03-29T17:45:36,20260329,е…ђеі¶,2,2-1-6,59,0.00378445,0.3784,90.5,34.2493,0,binary_catboost_venue
2026-03-29T17:45:36,20260329,е…ђеі¶,2,5-2-4,60,0.00377448,0.3774,905.1,341.6282,0,binary_catboost_venue
2026-03-29T17:45:36,20260329,е…ђеі¶,2,5-3-1,61,0.00373755,0.3738,956.8,357.6083,0,binary_catboost_venue
2026-03-29T17:45:36,20260329,е…ђеі¶,2,2-5-1,62,0.00343755,0.3438,881.3,302.9516,0,binary_catboost_venue
2026-03-29T17:45:36,20260329,е…ђеі¶,2,3-2-5,63,0.00340535,0.3405,543.1,184.9446,0,binary_catboost_venue
2026-03-29T17:45:36,20260329,е…ђеі¶,2,4-5-2,64,0.00334947,0.3349,92.1,30.8486,0,binary_catboost_venue
2026-03-29T17:45:36,20260329,е…ђеі¶,2,6-2-1,65,0.00269443,0.2694,68.0,18.3221,0,binary_catboost_venue
2026-03-29T17:45:36,20260329,е…ђеі¶,2,2-5-6,66,0.00256611,0.2566,717.6,184.1441,0,binary_catboost_venue
2026-03-29T17:45:36,20260329,е…ђеі¶,2,6-1-3,67,0.00215423,0.2154,68.9,14.8426,0,binary_catboost_venue
2026-03-29T17:45:36,20260329,е…ђеі¶,2,6-4-2,68,0.00214491,0.2145,38.7,8.3008,0,binary_catboost_venue
2026-03-29T17:45:36,20260329,е…ђеі¶,2,2-3-5,69,0.00213613,0.2136,697.7,149.0376,0,binary_catboost_venue
2026-03-29T17:45:36,20260329,е…ђеі¶,2,6-2-4,70,0.0019849,0.1985,67.6,13.4179,0,binary_catboost_venue
2026-03-29T17:45:36,20260329,е…ђеі¶,2,5-1-3,71,0.00196846,0.1968,858.7,169.0315,0,binary_catboost_venue
2026-03-29T17:45:36,20260329,е…ђеі¶,2,2-4-5,72,0.0019327,0.1933,382.0,73.829,0,binary_catboost_venue
2026-03-29T17:45:36,20260329,е…ђеі¶,2,3-5-4,73,0.00180646,0.1806,425.7,76.9008,0,binary_catboost_venue
2026-03-29T17:45:36,20260329,е…ђеі¶,2,6-3-4,74,0.00176924,0.1769,95.0,16.8078,0,binary_catboost_venue
2026-03-29T17:45:36,20260329,е…ђеі¶,2,2-6-3,75,0.00172714,0.1727,229.9,39.7069,0,binary_catboost_venue
2026-03-29T17:45:36,20260329,е…ђеі¶,2,6-3-1,76,0.00165469,0.1655,110.6,18.3009,0,binary_catboost_venue
2026-03-29T17:45:36,20260329,е…ђеі¶,2,3-6-1,77,0.00162013,0.162,102.6,16.6225,0,binary_catboost_venue
2026-03-29T17:45:36,20260329,е…ђеі¶,2,2-5-3,78,0.00157016,0.157,1435.0,225.3175,0,binary_catboost_venue
2026-03-29T17:45:36,20260329,е…ђеі¶,2,2-6-1,79,0.00151783,0.1518,96.8,14.6926,0,binary_catboost_venue
2026-03-29T17:45:36,20260329,е…ђеі¶,2,5-3-4,80,0.00151644,0.1516,717.6,108.8198,0,binary_catboost_venue
2026-03-29T17:45:36,20260329,е…ђеі¶,2,5-3-2,81,0.00150214,0.1502,1545.0,232.0804,0,binary_catboost_venue
2026-03-29T17:45:36,20260329,е…ђеі¶,2,2-5-4,82,0.00139503,0.1395,947.8,132.2211,0,binary_catboost_venue
2026-03-29T17:45:36,20260329,е…ђеі¶,2,2-6-4,83,0.00138419,0.1384,107.0,14.8108,0,binary_catboost_venue
2026-03-29T17:45:36,20260329,е…ђеі¶,2,6-5-1,84,0.00135594,0.1356,175.6,23.8104,0,binary_catboost_venue
2026-03-29T17:45:36,20260329,е…ђеі¶,2,4-6-1,85,0.0013473,0.1347,29.4,3.9611,0,binary_catboost_venue
2026-03-29T17:45:36,20260329,е…ђеі¶,2,5-2-3,86,0.00129875,0.1299,1080.0,140.2646,0,binary_catboost_venue
2026-03-29T17:45:36,20260329,е…ђеі¶,2,5-4-6,87,0.00129358,0.1294,144.1,18.6405,0,binary_catboost_venue
2026-03-29T17:45:36,20260329,е…ђеі¶,2,3-4-5,88,0.0012633,0.1263,266.5,33.667,0,binary_catboost_venue
2026-03-29T17:45:36,20260329,е…ђеі¶,2,5-6-1,89,0.00124521,0.1245,440.6,54.864,0,binary_catboost_venue
2026-03-29T17:45:36,20260329,е…ђеі¶,2,3-5-2,90,0.00120473,0.1205,749.8,90.3308,0,binary_catboost_venue
2026-03-29T17:45:36,20260329,е…ђеі¶,2,3-4-6,91,0.00119607,0.1196,74.2,8.8748,0,binary_catboost_venue
2026-03-29T17:45:36,20260329,е…ђеі¶,2,4-6-2,92,0.0011578,0.1158,44.5,5.1522,0,binary_catboost_venue
2026-03-29T17:45:36,20260329,е…ђеі¶,2,4-5-3,93,0.00115507,0.1155,133.9,15.4664,0,binary_catboost_venue
2026-03-29T17:45:36,20260329,е…ђеі¶,2,3-1-6,94,0.00114571,0.1146,67.0,7.6763,0,binary_catboost_venue
2026-03-29T17:45:36,20260329,е…ђеі¶,2,4-5-6,95,0.00109604,0.1096,51.0,5.5898,0,binary_catboost_venue
2026-03-29T17:45:36,20260329,е…ђеі¶,2,6-2-3,96,0.00100101,0.1001,131.1,13.1233,0,binary_catboost_venue
2026-03-29T17:45:36,20260329,е…ђеі¶,2,2-6-5,97,0.00083315,0.0833,315.9,26.3193,0,binary_catboost_venue
2026-03-29T17:45:36,20260329,е…ђеі¶,2,6-5-2,98,0.00083305,0.0833,224.2,18.677,0,binary_catboost_venue
2026-03-29T17:45:36,20260329,е…ђеі¶,2,3-2-6,99,0.00077995,0.078,206.7,16.1215,0,binary_catboost_venue
2026-03-29T17:45:36,20260329,е…ђеі¶,2,5-6-2,100,0.00072949,0.0729,652.4,47.5917,0,binary_catboost_venue
2026-03-29T17:45:36,20260329,е…ђеі¶,2,6-3-2,101,0.0007202,0.072,155.0,11.163,0,binary_catboost_venue
2026-03-29T17:45:36,20260329,е…ђеі¶,2,5-4-3,102,0.00065423,0.0654,345.2,22.5841,0,binary_catboost_venue
2026-03-29T17:45:36,20260329,е…ђеі¶,2,3-6-2,103,0.00058014,0.058,193.2,11.2083,0,binary_catboost_venue
2026-03-29T17:45:36,20260329,е…ђеі¶,2,5-2-6,104,0.00055529,0.0555,797.4,44.279,0,binary_catboost_venue
2026-03-29T17:45:36,20260329,е…ђеі¶,2,6-4-3,105,0.00054266,0.0543,57.1,3.0986,0,binary_catboost_venue
2026-03-29T17:45:36,20260329,е…ђеі¶,2,6-5-4,106,0.00049272,0.0493,106.5,5.2475,0,binary_catboost_venue
2026-03-29T17:45:36,20260329,е…ђеі¶,2,6-1-5,107,0.00046449,0.0464,92.6,4.3012,0,binary_catboost_venue
2026-03-29T17:45:36,20260329,е…ђеі¶,2,6-4-5,108,0.00046286,0.0463,38.2,1.7681,0,binary_catboost_venue
2026-03-29T17:45:36,20260329,е…ђеі¶,2,3-6-4,109,0.00044382,0.0444,94.9,4.2118,0,binary_catboost_venue
2026-03-29T17:45:36,20260329,е…ђеі¶,2,4-6-3,110,0.00043469,0.0435,54.0,2.3473,0,binary_catboost_venue
2026-03-29T17:45:36,20260329,е…ђеі¶,2,6-2-5,111,0.00042188,0.0422,165.2,6.9695,0,binary_catboost_venue
2026-03-29T17:45:36,20260329,е…ђеі¶,2,4-6-5,112,0.00034539,0.0345,39.2,1.3539,0,binary_catboost_venue
2026-03-29T17:45:36,20260329,е…ђеі¶,2,5-3-6,113,0.00033605,0.0336,478.4,16.0764,0,binary_catboost_venue
2026-03-29T17:45:36,20260329,е…ђеі¶,2,5-6-4,114,0.00023003,0.023,200.1,4.6029,0,binary_catboost_venue
2026-03-29T17:45:36,20260329,е…ђеі¶,2,5-1-6,115,0.00021771,0.0218,406.7,8.8542,0,binary_catboost_venue
2026-03-29T17:45:36,20260329,е…ђеі¶,2,6-3-5,116,0.00019269,0.0193,189.5,3.6515,0,binary_catboost_venue
2026-03-29T17:45:36,20260329,е…ђеі¶,2,3-5-6,117,9.504e-05,0.0095,265.8,2.5261,0,binary_catboost_venue
2026-03-29T17:45:36,20260329,е…ђеі¶,2,6-5-3,118,6.167e-05,0.0062,208.0,1.2827,0,binary_catboost_venue
2026-03-29T17:45:36,20260329,е…ђеі¶,2,3-6-5,119,5.613e-05,0.0056,202.1,1.1343,0,binary_catboost_venue
2026-03-29T17:45:36,20260329,е…ђеі¶,2,5-6-3,120,5.445e-05,0.0054,418.6,2.2792,0,binary_catboost_venue
2026-03-29T17:46:16,20260329,е…ђеі¶,3,1-3-2,1,0.09722253,9.7223,51.0,495.8349,1,binary_catboost_venue
2026-03-29T17:46:16,20260329,е…ђеі¶,3,1-3-4,2,0.09527954,9.528,75.9,723.1717,1,binary_catboost_venue
2026-03-29T17:46:16,20260329,е…ђеі¶,3,1-2-3,3,0.07411251,7.4113,41.0,303.8613,1,binary_catboost_venue
2026-03-29T17:46:16,20260329,е…ђеі¶,3,1-3-5,4,0.06151827,6.1518,37.5,230.6935,1,binary_catboost_venue
2026-03-29T17:46:16,20260329,е…ђеі¶,3,1-4-3,5,0.05311725,5.3117,120.1,637.9381,0,binary_catboost_venue
2026-03-29T17:46:16,20260329,е…ђеі¶,3,1-4-5,6,0.04951172,4.9512,109.5,542.1533,0,binary_catboost_venue
2026-03-29T17:46:16,20260329,е…ђеі¶,3,1-5-3,7,0.04647425,4.6474,71.9,334.1499,0,binary_catboost_venue
2026-03-29T17:46:16,20260329,е…ђеі¶,3,1-4-2,8,0.04446361,4.4464,105.4,468.6464,0,binary_catboost_venue
2026-03-29T17:46:16,20260329,е…ђеі¶,3,1-5-2,9,0.0377831,3.7783,80.3,303.3983,0,binary_catboost_venue
2026-03-29T17:46:16,20260329,е…ђеі¶,3,1-2-6,10,0.03622731,3.6227,58.5,211.9298,0,binary_catboost_venue
2026-03-29T17:46:16,20260329,е…ђеі¶,3,3-1-4,11,0.02940037,2.94,135.1,397.199,0,binary_catboost_venue
2026-03-29T17:46:16,20260329,е…ђеі¶,3,1-2-5,12,0.02822144,2.8221,46.1,130.1008,0,binary_catboost_venue
2026-03-29T17:46:16,20260329,е…ђеі¶,3,3-1-2,13,0.01883441,1.8834,102.8,193.6177,0,binary_catboost_venue
2026-03-29T17:46:16,20260329,е…ђеі¶,3,1-5-4,14,0.01850159,1.8502,120.8,223.4992,0,binary_catboost_venue
2026-03-29T17:46:16,20260329,е…ђеі¶,3,2-1-4,15,0.0170461,1.7046,79.8,136.0279,0,binary_catboost_venue
2026-03-29T17:46:16,20260329,е…ђеі¶,3,1-2-4,16,0.01573721,1.5737,65.2,102.6066,0,binary_catboost_venue
2026-03-29T17:46:16,20260329,е…ђеі¶,3,1-6-2,17,0.01554627,1.5546,105.6,164.1686,0,binary_catboost_venue
2026-03-29T17:46:16,20260329,е…ђеі¶,3,3-4-1,18,0.01388495,1.3885,168.2,233.5449,0,binary_catboost_venue
2026-03-29T17:46:16,20260329,е…ђеі¶,3,3-5-1,19,0.01283637,1.2836,55.3,70.9851,0,binary_catboost_venue
2026-03-29T17:46:16,20260329,е…ђеі¶,3,2-1-3,20,0.01259774,1.2598,46.3,58.3275,0,binary_catboost_venue
2026-03-29T17:46:16,20260329,е…ђеі¶,3,1-6-4,21,0.01056522,1.0565,139.2,147.0679,0,binary_catboost_venue
2026-03-29T17:46:16,20260329,е…ђеі¶,3,5-1-2,22,0.01019353,1.0194,178.4,181.8526,0,binary_catboost_venue
2026-03-29T17:46:16,20260329,е…ђеі¶,3,4-1-2,23,0.00974845,0.9748,202.1,197.0163,0,binary_catboost_venue
2026-03-29T17:46:16,20260329,е…ђеі¶,3,3-1-5,24,0.00904428,0.9044,57.7,52.1855,0,binary_catboost_venue
2026-03-29T17:46:16,20260329,е…ђеі¶,3,3-2-4,25,0.00838422,0.8384,80.7,67.6607,0,binary_catboost_venue
2026-03-29T17:46:16,20260329,е…ђеі¶,3,2-1-5,26,0.00773517,0.7735,50.5,39.0626,0,binary_catboost_venue
2026-03-29T17:46:16,20260329,е…ђеі¶,3,2-5-1,27,0.00715664,0.7157,83.6,59.8295,0,binary_catboost_venue
2026-03-29T17:46:16,20260329,е…ђеі¶,3,3-4-2,28,0.00671122,0.6711,105.8,71.0047,0,binary_catboost_venue
2026-03-29T17:46:16,20260329,е…ђеі¶,3,5-1-4,29,0.00619944,0.6199,229.1,142.0291,0,binary_catboost_venue
2026-03-29T17:46:16,20260329,е…ђеі¶,3,6-1-2,30,0.00594058,0.5941,285.6,169.6628,0,binary_catboost_venue
2026-03-29T17:46:16,20260329,е…ђеі¶,3,5-3-2,31,0.00585713,0.5857,74.6,43.6942,0,binary_catboost_venue
2026-03-29T17:46:16,20260329,е…ђеі¶,3,2-3-5,32,0.00581435,0.5814,29.3,17.0361,0,binary_catboost_venue
2026-03-29T17:46:16,20260329,е…ђеі¶,3,1-4-6,33,0.00552787,0.5528,109.7,60.6408,0,binary_catboost_venue
2026-03-29T17:46:16,20260329,е…ђеі¶,3,3-5-2,34,0.00535994,0.536,36.4,19.5102,0,binary_catboost_venue
2026-03-29T17:46:16,20260329,е…ђеі¶,3,2-3-4,35,0.00527439,0.5274,55.5,29.2729,0,binary_catboost_venue
2026-03-29T17:46:16,20260329,е…ђеі¶,3,2-3-1,36,0.00516311,0.5163,79.1,40.8402,0,binary_catboost_venue
2026-03-29T17:46:16,20260329,е…ђеі¶,3,3-6-2,37,0.00483789,0.4838,86.8,41.9929,0,binary_catboost_venue
2026-03-29T17:46:16,20260329,е…ђеі¶,3,2-4-3,38,0.00446306,0.4463,80.7,36.0169,0,binary_catboost_venue
2026-03-29T17:46:16,20260329,е…ђеі¶,3,1-6-5,39,0.0042877,0.4288,83.6,35.8452,0,binary_catboost_venue
2026-03-29T17:46:16,20260329,е…ђеі¶,3,1-3-6,40,0.00396862,0.3969,64.6,25.6373,0,binary_catboost_venue
2026-03-29T17:46:16,20260329,е…ђеі¶,3,2-4-1,41,0.00384266,0.3843,137.5,52.8366,0,binary_catboost_venue
2026-03-29T17:46:16,20260329,е…ђеі¶,3,4-3-1,42,0.00337373,0.3374,264.5,89.2353,0,binary_catboost_venue
2026-03-29T17:46:16,20260329,е…ђеі¶,3,4-1-3,43,0.0033468,0.3347,198.2,66.3336,0,binary_catboost_venue
2026-03-29T17:46:16,20260329,е…ђеі¶,3,6-4-2,44,0.0030062,0.3006,250.8,75.3954,0,binary_catboost_venue
2026-03-29T17:46:16,20260329,е…ђеі¶,3,4-6-2,45,0.00282719,0.2827,95.7,27.0562,0,binary_catboost_venue
2026-03-29T17:46:16,20260329,е…ђеі¶,3,2-1-6,46,0.00270022,0.27,58.3,15.7423,0,binary_catboost_venue
2026-03-29T17:46:16,20260329,е…ђеі¶,3,3-2-1,47,0.00263985,0.264,120.6,31.8366,0,binary_catboost_venue
2026-03-29T17:46:16,20260329,е…ђеі¶,3,3-2-5,48,0.00263581,0.2636,34.4,9.0672,0,binary_catboost_venue
2026-03-29T17:46:16,20260329,е…ђеі¶,3,4-3-2,49,0.00258463,0.2585,147.4,38.0975,0,binary_catboost_venue
2026-03-29T17:46:16,20260329,е…ђеі¶,3,5-1-3,50,0.00250872,0.2509,117.7,29.5276,0,binary_catboost_venue
2026-03-29T17:46:16,20260329,е…ђеі¶,3,2-5-3,51,0.00249435,0.2494,40.7,10.152,0,binary_catboost_venue
2026-03-29T17:46:16,20260329,е…ђеі¶,3,3-4-5,52,0.00227264,0.2273,53.3,12.1132,0,binary_catboost_venue
2026-03-29T17:46:16,20260329,е…ђеі¶,3,4-5-1,53,0.00215818,0.2158,148.5,32.049,0,binary_catboost_venue
2026-03-29T17:46:16,20260329,е…ђеі¶,3,6-2-4,54,0.00201872,0.2019,300.2,60.6019,0,binary_catboost_venue
2026-03-29T17:46:16,20260329,е…ђеі¶,3,6-2-1,55,0.00198621,0.1986,382.7,76.0121,0,binary_catboost_venue
2026-03-29T17:46:16,20260329,е…ђеі¶,3,6-3-2,56,0.00190504,0.1905,353.1,67.2671,0,binary_catboost_venue
2026-03-29T17:46:16,20260329,е…ђеі¶,3,2-4-6,57,0.00186052,0.1861,96.6,17.9726,0,binary_catboost_venue
2026-03-29T17:46:16,20260329,е…ђеі¶,3,1-5-6,58,0.00180409,0.1804,69.6,12.5565,0,binary_catboost_venue
2026-03-29T17:46:16,20260329,е…ђеі¶,3,5-3-4,59,0.00178469,0.1785,131.8,23.5222,0,binary_catboost_venue
2026-03-29T17:46:16,20260329,е…ђеі¶,3,2-3-6,60,0.0017715,0.1772,53.2,9.4244,0,binary_catboost_venue
2026-03-29T17:46:16,20260329,е…ђеі¶,3,5-3-1,61,0.00174435,0.1744,102.9,17.9493,0,binary_catboost_venue
2026-03-29T17:46:16,20260329,е…ђеі¶,3,3-5-4,62,0.00162842,0.1628,59.4,9.6728,0,binary_catboost_venue
2026-03-29T17:46:16,20260329,е…ђеі¶,3,4-2-3,63,0.00158894,0.1589,140.6,22.3404,0,binary_catboost_venue
2026-03-29T17:46:16,20260329,е…ђеі¶,3,4-1-5,64,0.00157817,0.1578,121.5,19.1747,0,binary_catboost_venue
2026-03-29T17:46:16,20260329,е…ђеі¶,3,3-2-6,65,0.00152167,0.1522,69.6,10.5908,0,binary_catboost_venue
2026-03-29T17:46:16,20260329,е…ђеі¶,3,4-3-5,66,0.00150995,0.151,96.3,14.5408,0,binary_catboost_venue
2026-03-29T17:46:16,20260329,е…ђеі¶,3,5-2-1,67,0.00149992,0.15,195.9,29.3835,0,binary_catboost_venue
2026-03-29T17:46:16,20260329,е…ђеі¶,3,2-6-4,68,0.00146963,0.147,144.8,21.2803,0,binary_catboost_venue
2026-03-29T17:46:16,20260329,е…ђеі¶,3,3-6-5,69,0.0014271,0.1427,42.3,6.0367,0,binary_catboost_venue
2026-03-29T17:46:16,20260329,е…ђеі¶,3,4-2-1,70,0.00132739,0.1327,244.1,32.4015,0,binary_catboost_venue
2026-03-29T17:46:16,20260329,е…ђеі¶,3,5-6-2,71,0.00124858,0.1249,113.4,14.1588,0,binary_catboost_venue
2026-03-29T17:46:16,20260329,е…ђеі¶,3,5-4-1,72,0.00123365,0.1234,272.4,33.6047,0,binary_catboost_venue
2026-03-29T17:46:16,20260329,е…ђеі¶,3,6-3-5,73,0.00114855,0.1149,161.0,18.4917,0,binary_catboost_venue
2026-03-29T17:46:16,20260329,е…ђеі¶,3,6-4-1,74,0.00111056,0.1111,338.6,37.6035,0,binary_catboost_venue
2026-03-29T17:46:16,20260329,е…ђеі¶,3,5-2-3,75,0.00110964,0.111,87.4,9.6983,0,binary_catboost_venue
2026-03-29T17:46:16,20260329,е…ђеі¶,3,2-6-5,76,0.00102663,0.1027,87.0,8.9317,0,binary_catboost_venue
2026-03-29T17:46:16,20260329,е…ђеі¶,3,4-2-6,77,0.00101566,0.1016,101.9,10.3495,0,binary_catboost_venue
2026-03-29T17:46:16,20260329,е…ђеі¶,3,2-5-6,78,0.00094501,0.0945,56.4,5.3299,0,binary_catboost_venue
2026-03-29T17:46:16,20260329,е…ђеі¶,3,6-1-4,79,0.00086144,0.0861,282.7,24.353,0,binary_catboost_venue
2026-03-29T17:46:16,20260329,е…ђеі¶,3,6-5-2,80,0.00085785,0.0858,145.3,12.4645,0,binary_catboost_venue
2026-03-29T17:46:16,20260329,е…ђеі¶,3,6-3-4,81,0.00081146,0.0811,320.1,25.9748,0,binary_catboost_venue
2026-03-29T17:46:16,20260329,е…ђеі¶,3,6-1-5,82,0.0008035,0.0803,170.7,13.7157,0,binary_catboost_venue
2026-03-29T17:46:16,20260329,е…ђеі¶,3,2-6-1,83,0.00077339,0.0773,174.3,13.4801,0,binary_catboost_venue
2026-03-29T17:46:16,20260329,е…ђеі¶,3,6-5-1,84,0.00075429,0.0754,260.3,19.6341,0,binary_catboost_venue
2026-03-29T17:46:16,20260329,е…ђеі¶,3,3-6-4,85,0.00073336,0.0733,143.3,10.5091,0,binary_catboost_venue
2026-03-29T17:46:16,20260329,е…ђеі¶,3,6-2-5,86,0.0006753,0.0675,214.2,14.465,0,binary_catboost_venue
2026-03-29T17:46:16,20260329,е…ђеі¶,3,5-4-3,87,0.00066588,0.0666,174.3,11.6063,0,binary_catboost_venue
2026-03-29T17:46:16,20260329,е…ђеі¶,3,6-2-3,88,0.00065479,0.0655,279.8,18.3209,0,binary_catboost_venue
2026-03-29T17:46:16,20260329,е…ђеі¶,3,3-4-6,89,0.00063596,0.0636,80.6,5.1258,0,binary_catboost_venue
2026-03-29T17:46:16,20260329,е…ђеі¶,3,6-4-5,90,0.0005599,0.056,124.1,6.9484,0,binary_catboost_venue
2026-03-29T17:46:16,20260329,е…ђеі¶,3,3-5-6,91,0.00051533,0.0515,23.9,1.2316,0,binary_catboost_venue
2026-03-29T17:46:16,20260329,е…ђеі¶,3,4-6-5,92,0.00046681,0.0467,40.7,1.8999,0,binary_catboost_venue
2026-03-29T17:46:16,20260329,е…ђеі¶,3,2-6-3,93,0.00046388,0.0464,137.8,6.3923,0,binary_catboost_venue
2026-03-29T17:46:16,20260329,е…ђеі¶,3,6-5-3,94,0.00044685,0.0447,137.8,6.1576,0,binary_catboost_venue
2026-03-29T17:46:16,20260329,е…ђеі¶,3,5-3-6,95,0.00044191,0.0442,51.8,2.2891,0,binary_catboost_venue
2026-03-29T17:46:16,20260329,е…ђеі¶,3,5-2-6,96,0.00042862,0.0429,118.7,5.0877,0,binary_catboost_venue
2026-03-29T17:46:16,20260329,е…ђеі¶,3,4-5-3,97,0.00041624,0.0416,96.1,4.0001,0,binary_catboost_venue
2026-03-29T17:46:16,20260329,е…ђеі¶,3,5-6-4,98,0.00033463,0.0335,122.0,4.0824,0,binary_catboost_venue
2026-03-29T17:46:16,20260329,е…ђеі¶,3,5-1-6,99,0.00029357,0.0294,115.8,3.3995,0,binary_catboost_venue
2026-03-29T17:46:16,20260329,е…ђеі¶,3,1-6-3,100,0.000268,0.0268,113.8,3.0498,0,binary_catboost_venue
2026-03-29T17:46:16,20260329,е…ђеі¶,3,6-5-4,101,0.00025544,0.0255,198.2,5.0629,0,binary_catboost_venue
2026-03-29T17:46:16,20260329,е…ђеі¶,3,6-4-3,102,0.00025346,0.0253,327.8,8.3085,0,binary_catboost_venue
2026-03-29T17:46:16,20260329,е…ђеі¶,3,5-2-4,103,0.00019888,0.0199,217.1,4.3177,0,binary_catboost_venue
2026-03-29T17:46:16,20260329,е…ђеі¶,3,6-3-1,104,0.00019888,0.0199,409.3,8.1401,0,binary_catboost_venue
2026-03-29T17:46:16,20260329,е…ђеі¶,3,6-1-3,105,0.00019359,0.0194,234.4,4.5378,0,binary_catboost_venue
2026-03-29T17:46:16,20260329,е…ђеі¶,3,4-1-6,106,0.00019305,0.0193,119.5,2.3069,0,binary_catboost_venue
2026-03-29T17:46:16,20260329,е…ђеі¶,3,4-5-6,107,0.00018703,0.0187,40.0,0.7481,0,binary_catboost_venue
2026-03-29T17:46:16,20260329,е…ђеі¶,3,3-1-6,108,0.00017757,0.0178,99.1,1.7597,0,binary_catboost_venue
2026-03-29T17:46:16,20260329,е…ђеі¶,3,4-2-5,109,0.00016663,0.0167,97.8,1.6297,0,binary_catboost_venue
2026-03-29T17:46:16,20260329,е…ђеі¶,3,5-4-6,110,0.00016464,0.0165,84.3,1.3879,0,binary_catboost_venue
2026-03-29T17:46:16,20260329,е…ђеі¶,3,4-3-6,111,0.00015488,0.0155,108.2,1.6758,0,binary_catboost_venue
2026-03-29T17:46:16,20260329,е…ђеі¶,3,5-4-2,112,0.00014933,0.0149,209.9,3.1345,0,binary_catboost_venue
2026-03-29T17:46:16,20260329,е…ђеі¶,3,3-6-1,113,0.00011648,0.0116,101.2,1.1788,0,binary_catboost_venue
2026-03-29T17:46:16,20260329,е…ђеі¶,3,4-5-2,114,9.754e-05,0.0098,94.3,0.9198,0,binary_catboost_venue
2026-03-29T17:46:16,20260329,е…ђеі¶,3,2-5-4,115,8.688e-05,0.0087,81.9,0.7115,0,binary_catboost_venue
2026-03-29T17:46:16,20260329,е…ђеі¶,3,5-6-3,116,8.583e-05,0.0086,67.4,0.5785,0,binary_catboost_venue
2026-03-29T17:46:16,20260329,е…ђеі¶,3,5-6-1,117,8.42e-05,0.0084,149.0,1.2545,0,binary_catboost_venue
2026-03-29T17:46:16,20260329,е…ђеі¶,3,4-6-1,118,6.306e-05,0.0063,160.3,1.0109,0,binary_catboost_venue
2026-03-29T17:46:16,20260329,е…ђеі¶,3,2-4-5,119,5.774e-05,0.0058,68.3,0.3944,0,binary_catboost_venue
2026-03-29T17:46:16,20260329,е…ђеі¶,3,4-6-3,120,4.7e-05,0.0047,106.0,0.4982,0,binary_catboost_venue
