venue,venue_hit_count,venue_avg_payout,venue_med_payout,venue_std_payout,venue_first_lane_1_rate,venue_first_lane_2_rate,venue_first_lane_3_rate,venue_first_lane_4_rate,venue_first_lane_5_rate,venue_first_lane_6_rate,venue_second_lane_1_rate,venue_second_lane_2_rate,venue_second_lane_3_rate,venue_second_lane_4_rate,venue_second_lane_5_rate,venue_second_lane_6_rate,venue_third_lane_1_rate,venue_third_lane_2_rate,venue_third_lane_3_rate,venue_third_lane_4_rate,venue_third_lane_5_rate,venue_third_lane_6_rate,venue_chaos_index
びわこ,6582,7228.5551504102095,2540.0,17636.769546845742,0.5396536007292616,0.14235794591309633,0.12914007900334246,0.1048313582497721,0.061075660893345485,0.022941355211182013,0.18596171376481313,0.24308720753570343,0.2136128836219994,0.16545123062898814,0.12412640534791856,0.06776055910057734,0.09054998480704952,0.18398663020358555,0.19993922819811608,0.199179580674567,0.17608629595867517,0.15025828015800669,95.77078751953893
三国,6744,7584.696026097272,2700.0,17090.471174883198,0.5320284697508897,0.15361803084223014,0.13834519572953738,0.09326809015421116,0.051008303677342826,0.03173190984578885,0.18861209964412812,0.261417556346382,0.20951957295373666,0.1650355871886121,0.10008896797153025,0.0753262158956109,0.08451957295373666,0.1847568208778173,0.19750889679715303,0.19795373665480426,0.1776393831553974,0.15762158956109135,96.00796678370061
下関,6856,6763.9016919486585,2340.0,14180.706360081635,0.5969953325554259,0.11624854142357059,0.11347724620770128,0.09159859976662778,0.047112018669778294,0.03456826137689615,0.1709451575262544,0.2486872812135356,0.2308926487747958,0.14979579929988332,0.1161026837806301,0.08357642940490081,0.08299299883313886,0.1926779463243874,0.2117852975495916,0.19501166861143523,0.16365227537922988,0.15387981330221703,93.13137760994891
丸亀,6801,7242.920158800176,2530.0,16230.233886202323,0.5671224819879429,0.13895015438906044,0.1164534627260697,0.09131010145566829,0.05543302455521247,0.03073077488604617,0.1833553889133951,0.2476106454933098,0.21349801499779444,0.16350536685781503,0.11189530951330687,0.08013527422437877,0.08234083223055433,0.18894280252903986,0.20011762976032937,0.20570504337597412,0.1629172180561682,0.15997647404793414,95.05354943012846
住之江,6997,7610.567386022582,2410.0,18846.308830240396,0.5808203515792483,0.13734457624696297,0.11504930684579105,0.089895669572674,0.05102186651422038,0.02586822924110333,0.16464198942403888,0.24381877947691868,0.22609689867085894,0.1749321137630413,0.1123338573674432,0.07817636129769902,0.08575103615835358,0.1905102186651422,0.2050878948120623,0.19365442332428184,0.16692868372159497,0.1580677433185651,96.91855101228795
児島,6686,7562.15524977565,2570.0,16009.419593732153,0.5622195632665271,0.1304217768471433,0.12144780137600958,0.0964702363146874,0.05429255160035896,0.03514807059527371,0.17903081064911755,0.24409213281483697,0.20565360454681425,0.17633861800777745,0.10843553694286569,0.0864492970385881,0.0854023332336225,0.18052647322763984,0.19847442416990727,0.20789709841459766,0.16407418486389472,0.16362548609033803,95.39243368965292
多摩川,6839,7153.955256616465,2660.0,15177.01260550688,0.5325339961982746,0.14929083199298143,0.12267875420383097,0.10703319198713263,0.06068138616756836,0.02778183945021202,0.17093142272262027,0.24828191256031584,0.20514695130867086,0.160988448603597,0.12721158064044452,0.08743968416435151,0.0935809328849247,0.17911975435005117,0.19754350051177072,0.1896476092996052,0.18248281912560316,0.15762538382804503,94.32593381246835
大村,7063,6614.24182358771,2130.0,16375.445516864866,0.6240974090329888,0.11977913068101373,0.1087356647317004,0.0811269998584171,0.044881778281183636,0.021379017414696305,0.16551040634291378,0.26192835905422623,0.238567181084525,0.15475010618717258,0.11043465949313323,0.06880928783802917,0.07829534192269574,0.19014583038368965,0.19963188446835622,0.20798527537873424,0.17131530511114257,0.15262636273538158,94.16097227158204
宮島,7114,7364.807421984819,2490.0,15007.71349162204,0.5570705650829351,0.13297722800112455,0.12215350014056789,0.09685127916783806,0.060303626651672756,0.03064380095586168,0.16825976946865337,0.2472589260612876,0.2303907787461344,0.15701433792521788,0.12313747540061849,0.07393871239808827,0.08377846499859432,0.19314028675850436,0.20255833567613157,0.19145347202698904,0.17641270733764408,0.15265673320213663,94.53471461441433
尼崎,6587,7075.931379990891,2220.0,19675.479720740434,0.5855472901168969,0.11811143160771216,0.11932594504326705,0.09761651738272355,0.05192044936997116,0.027478366479429178,0.1594048884165781,0.2442690147259754,0.21815697586154548,0.1712463944132382,0.1263093972977076,0.08061332928495521,0.0856231972066191,0.18248064369212083,0.20449369971155307,0.20828905419766205,0.16729922574768483,0.1518141794443601,96.51044231174168
常滑,7050,7060.687943262411,2400.0,17177.096263823834,0.5754609929078014,0.12595744680851065,0.10425531914893617,0.10056737588652483,0.05815602836879433,0.03560283687943262,0.16184397163120567,0.24127659574468086,0.2173049645390071,0.16921985815602836,0.12070921985815602,0.08964539007092198,0.09106382978723404,0.18921985815602838,0.1924822695035461,0.18907801418439715,0.17914893617021277,0.15900709219858156,95.28354555673872
平和島,6331,7724.256831464224,3490.0,13080.301409260106,0.44842836834623284,0.1655346706681409,0.14468488390459644,0.12446690886115938,0.07423787711262043,0.04264729110725004,0.18938556310219554,0.22524087821829095,0.1892276101721687,0.17485389353972516,0.12573053230137418,0.09556152266624546,0.11262043910914547,0.19143895119254462,0.1819617753909335,0.17880271679039647,0.16363923550781867,0.17153688200916126,93.8100863495663
徳山,6824,6471.781946072685,1950.0,15641.774873640341,0.6348182883939039,0.13159437280187572,0.09686400937866355,0.07532239155920281,0.03824736225087925,0.023153575615474795,0.16398007033997655,0.2768171160609613,0.22406213364595545,0.16368698710433763,0.10507033997655334,0.06638335287221571,0.07004689331770222,0.1865474794841735,0.21688159437280188,0.2099941383352872,0.17335873388042203,0.14317116060961313,93.52573312937145
戸田,6990,7495.1859799713875,3420.0,13838.44667055739,0.43490701001430615,0.1686695278969957,0.155793991416309,0.13419170243204578,0.07081545064377683,0.035622317596566526,0.18197424892703862,0.22832618025751072,0.20371959942775394,0.1688125894134478,0.1317596566523605,0.08540772532188841,0.11087267525035766,0.18369098712446352,0.17467811158798283,0.1871244635193133,0.18140200286123032,0.16223175965665235,93.99732896559499
桐生,6762,7723.067139899438,3020.0,14766.462548923953,0.5031055900621118,0.1305826678497486,0.12747707778763678,0.12732919254658384,0.0761608991422656,0.03534457261165336,0.18456078083407276,0.2398698609878734,0.2080745341614907,0.14758947057083702,0.13220940550133098,0.08769594794439516,0.09331558710440697,0.17480035492457852,0.19727891156462585,0.19698314108251996,0.18722271517302574,0.15039929015084294,94.89384653102081
江戸川,6168,7154.711413748379,3280.0,12662.954670875428,0.4789234760051881,0.17542153047989623,0.13797016861219197,0.11770428015564202,0.06647211413748379,0.023508430609597925,0.19682230869001296,0.23297665369649806,0.20217250324254216,0.15272373540856032,0.12143320363164721,0.0938715953307393,0.10538261997405966,0.1817444876783398,0.192769130998703,0.17461089494163423,0.183041504539559,0.16245136186770429,92.71977941210895
津,13311,7145.715573585756,2420.0,17314.034240027704,0.5556306813913304,0.14296446547967845,0.11749680715197956,0.09796408985049959,0.0571707610247164,0.028773195101795507,0.18285628427616257,0.2597100142739088,0.20997671099090978,0.15956727518593644,0.11809781383817895,0.06979190143490346,0.08827285703553452,0.1833070392908121,0.20802343926076178,0.20036060401171962,0.1738411839831718,0.14619487641800016,95.4826899079696
浜名湖,7169,7402.939043102246,2720.0,15810.233518990002,0.5147161389315107,0.1443715999442042,0.14200027897893708,0.0982005858557679,0.0623517924396708,0.03835960384990933,0.18384711954247454,0.24229320686288186,0.20909471334914215,0.15957595201562283,0.12219277444552937,0.08299623378434928,0.08969172827451527,0.17422234621286092,0.1931929139349979,0.19528525596317478,0.18677639838192217,0.16083135723252895,95.0536396486461
福岡,6804,6727.34861845973,2350.0,15555.863040441764,0.5629041740152851,0.1437389770723104,0.14976484420928865,0.0856848912404468,0.03968253968253968,0.018224573780129337,0.17386831275720166,0.2739564961787184,0.2279541446208113,0.15858318636096413,0.11184597295708407,0.053791887125220456,0.09038800705467372,0.19547325102880658,0.18783068783068782,0.21502057613168724,0.1765138154027043,0.13477366255144033,93.88990034192136
芦屋,6842,8078.386436714411,2300.0,19944.913405740797,0.5938322128032739,0.10669394913767904,0.1065477930429699,0.10055539315989477,0.0586085939783689,0.03376205787781351,0.1631102016954107,0.22610347851505408,0.22639579070447238,0.17904121601870798,0.13241742180648933,0.07293189125986553,0.0822858813212511,0.1921952645425314,0.1945337620578778,0.18459514761765566,0.18751826951183864,0.15887167494884535,98.07508996963396
若松,6890,7469.2438316400585,2710.0,15720.603265878966,0.5716981132075472,0.11683599419448476,0.11915820029027577,0.09825834542815674,0.0579100145137881,0.03613933236574746,0.17039187227866473,0.2355587808417997,0.2204644412191582,0.15805515239477502,0.1227866473149492,0.09274310595065312,0.08809869375907112,0.1965166908563135,0.20638606676342525,0.18388969521044993,0.16197387518142234,0.16313497822931786,95.09805240436437
蒲郡,7056,6482.212301587301,2350.0,14028.440295263974,0.5632086167800453,0.12003968253968254,0.1197562358276644,0.11139455782312925,0.05272108843537415,0.032879818594104306,0.15915532879818595,0.23937074829931973,0.22151360544217688,0.1760204081632653,0.1296768707482993,0.07426303854875284,0.09382086167800453,0.18424036281179137,0.1961451247165533,0.20918367346938777,0.17630385487528344,0.14030612244897958,92.58751006611539
鳴門,6478,8250.586600802717,3230.0,16552.737320293734,0.47375733251003393,0.15004631058968818,0.15236184007409695,0.11994442729237419,0.07023772769373263,0.0336523618400741,0.18261809200370485,0.23973448595245447,0.1986724297622723,0.16795307193578266,0.12843470206853969,0.08258721827724606,0.10250077184316148,0.1762889780796542,0.1874035196048163,0.18941031182463725,0.1832355665328805,0.16116085211485026,96.62388580060896
